{"base_lr": 1.9613655770513682e-06, "lr": 1.9613655770513682e-06, "data_time": 0.007984161376953125, "loss": 2.496739149093628, "decode.loss_ce": 2.496739149093628, "decode.acc_seg": 8.825433731079102, "time": 4.071333694458008, "iter": 50, "memory": 14703, "step": 50}
