{
  "ece_style_conf_from_setsize": 0.3780003881483984,
  "ece_style_bins": {
    "set_size": [
      1,
      2,
      3,
      4,
      5,
      6,
      7,
      8,
      9,
      10,
      11,
      12,
      13,
      14,
      15,
      16,
      17,
      18,
      19
    ],
    "bin_fraction": [
      0.02741823951078103,
      0.02848010457400189,
      0.02778003515573415,
      0.034154072902295385,
      0.04261962297866423,
      0.050630091768322304,
      0.056336163343993294,
      0.06139303955362594,
      0.06410656307445736,
      0.06631463200024185,
      0.06646205580257,
      0.06677392433581512,
      0.06314359874845926,
      0.06088492850677066,
      0.05734667324810693,
      0.056820543057712246,
      0.05280444612051947,
      0.05011496594318051,
      0.06641629937474837
    ],
    "bin_accuracy": [
      0.9568599320912576,
      0.9929564570394366,
      0.9818388075770885,
      0.9630874522999926,
      0.9475612357340426,
      0.9347101556653088,
      0.9168175016429683,
      0.8987917121760012,
      0.8744713605038488,
      0.8554772823754394,
      0.8358607184662092,
      0.8164614052624586,
      0.7982720058847564,
      0.7829687515342416,
      0.7597882731852784,
      0.7330286523619287,
      0.6862972630590394,
      0.6407776016967863,
      0.5610801039106919
    ],
    "bin_confidence": [
      1.0,
      0.9444444444444444,
      0.8888888888888888,
      0.8333333333333334,
      0.7777777777777778,
      0.7222222222222222,
      0.6666666666666667,
      0.6111111111111112,
      0.5555555555555556,
      0.5,
      0.4444444444444444,
      0.38888888888888884,
      0.33333333333333337,
      0.2777777777777778,
      0.2222222222222222,
      0.16666666666666663,
      0.11111111111111116,
      0.05555555555555558,
      0.0
    ]
  },
  "split": "val",
  "num_classes": 19,
  "ignore_index": 255,
  "q_hat": 0.9999997615814209,
  "alpha": 0.2,
  "target_coverage_(1-alpha)": 0.8,
  "total_valid_pixels": 916636241,
  "top1_error_rate": 0.1789999998483586,
  "cp_pixel_coverage_(y_in_set)": 0.9972672092942046,
  "cp_mean_set_size": 10.983425294222029,
  "uncertainty_error_AUROC": 0.7176278880339694,
  "uncertainty_error_AUPRC": 0.3811904222575891,
  "risk_coverage_AURC": 0.08817844734765758
}