{
  "ece_style_conf_from_setsize": 0.08286938626750436,
  "ece_style_bins": {
    "set_size": [
      1,
      2,
      3,
      4,
      5,
      6,
      7,
      8,
      9,
      10,
      11,
      12,
      13,
      14,
      15,
      16,
      17,
      18,
      19
    ],
    "bin_fraction": [
      0.4980175663816024,
      0.14900465625382142,
      0.08735246264390281,
      0.05512504387222892,
      0.038823600255185636,
      0.028996347527132087,
      0.02239136320598522,
      0.018814503756894335,
      0.015724301915311246,
      0.013828497535916213,
      0.011987926626174056,
      0.010853716616251485,
      0.009364467185625927,
      0.008376873678508638,
      0.007147073950352352,
      0.006557738752989148,
      0.005791091124881675,
      0.0056661277044139915,
      0.006176641012822446
    ],
    "bin_accuracy": [
      0.9987058537337108,
      0.9754031810150875,
      0.9489207707918852,
      0.931508202922512,
      0.920254769710355,
      0.9067599083385169,
      0.891336234061,
      0.8772136655476476,
      0.8624414739967108,
      0.8487439985572397,
      0.8324152883251029,
      0.8187001390102031,
      0.7995210751402932,
      0.7838877308282063,
      0.7627799324924476,
      0.7448892965817515,
      0.7150850249532621,
      0.6814137993576159,
      0.6100266473180562
    ],
    "bin_confidence": [
      1.0,
      0.9444444444444444,
      0.8888888888888888,
      0.8333333333333334,
      0.7777777777777778,
      0.7222222222222222,
      0.6666666666666667,
      0.6111111111111112,
      0.5555555555555556,
      0.5,
      0.4444444444444444,
      0.38888888888888884,
      0.33333333333333337,
      0.2777777777777778,
      0.2222222222222222,
      0.16666666666666663,
      0.11111111111111116,
      0.05555555555555558,
      0.0
    ]
  },
  "split": "val",
  "num_classes": 19,
  "ignore_index": 255,
  "q_hat": 0.9999997615814209,
  "alpha": 0.2,
  "target_coverage_(1-alpha)": 0.8,
  "total_valid_pixels": 916636241,
  "top1_error_rate": 0.04424134262437481,
  "cp_pixel_coverage_(y_in_set)": 0.9984855464600816,
  "cp_mean_set_size": 3.2647908473869736,
  "uncertainty_error_AUROC": 0.8621589498678349,
  "uncertainty_error_AUPRC": 0.23295180357025658,
  "risk_coverage_AURC": 0.0077838239928320055
}