{"aAcc": 94.01, "mIoU": 58.46, "mAcc": 71.12, "data_time": 0.043942499160766604, "time": 0.14784902334213257}