{"base_lr": 1.9613655770513682e-06, "lr": 1.9613655770513682e-06, "data_time": 0.005410051345825196, "loss": 2.427736747264862, "decode.loss_ce": 2.427736747264862, "decode.acc_seg": 25.270450592041016, "time": 1.7735663652420044, "iter": 50, "memory": 9283, "step": 50}
