{"aAcc": 93.64, "mIoU": 65.01, "mAcc": 73.01, "data_time": 0.005452038764953614, "time": 0.060720850944519046}