{"aAcc": 0.18, "mIoU": 0.04, "mAcc": 4.78, "data_time": 0.045762062072753906, "time": 4.5771907567977905}