{"aAcc": 88.04, "mIoU": 37.89, "mAcc": 46.36, "data_time": 0.045705986022949216, "time": 4.903833341598511}