{"aAcc": 81.62, "mIoU": 33.75, "mAcc": 48.24, "data_time": 0.04503885507583618, "time": 0.14517542123794555}