{
  "ece_style_conf_from_setsize": 0.4878990001426152,
  "ece_style_bins": {
    "set_size": [
      1,
      2,
      3,
      4,
      5,
      6,
      7,
      8,
      9,
      10,
      11,
      12,
      13,
      14,
      15,
      16,
      17,
      18,
      19
    ],
    "bin_fraction": [
      0.013225005869772976,
      0.03854633486964151,
      0.016571558040274215,
      0.015322975768831498,
      0.016981960304404735,
      0.02019536665392153,
      0.025223939559931713,
      0.03157700986082908,
      0.03940445386834467,
      0.050530951084122394,
      0.05858260946717476,
      0.06406487094064786,
      0.06537795963064236,
      0.06807288770516363,
      0.0679532803151598,
      0.060109747011153285,
      0.059132716198068834,
      0.07633446195831915,
      0.21279191089359598
    ],
    "bin_accuracy": [
      0.8828512032556415,
      0.9817933957915355,
      0.9675134488713938,
      0.952976961736987,
      0.9491731358133549,
      0.9513329779301646,
      0.95046335719778,
      0.9507551589071608,
      0.953886494696715,
      0.955635466818903,
      0.9473795945608794,
      0.9306845352820209,
      0.9117903505741681,
      0.8868819837234945,
      0.8449910224872852,
      0.8009847947271651,
      0.7539714791912535,
      0.683711491139221,
      0.5064385863730463
    ],
    "bin_confidence": [
      1.0,
      0.9444444444444444,
      0.8888888888888888,
      0.8333333333333334,
      0.7777777777777778,
      0.7222222222222222,
      0.6666666666666667,
      0.6111111111111112,
      0.5555555555555556,
      0.5,
      0.4444444444444444,
      0.38888888888888884,
      0.33333333333333337,
      0.2777777777777778,
      0.2222222222222222,
      0.16666666666666663,
      0.11111111111111116,
      0.05555555555555558,
      0.0
    ]
  },
  "split": "val",
  "num_classes": 19,
  "ignore_index": 255,
  "q_hat": 0.9999997615814209,
  "alpha": 0.2,
  "target_coverage_(1-alpha)": 0.8,
  "total_valid_pixels": 790712012,
  "top1_error_rate": 0.1994239490571948,
  "cp_pixel_coverage_(y_in_set)": 0.9982295943671587,
  "cp_mean_set_size": 13.316038518711665,
  "uncertainty_error_AUROC": 0.7868140505064884,
  "uncertainty_error_AUPRC": 0.570609340442281,
  "risk_coverage_AURC": 0.08335013742668962
}