{"base_lr": 1.9613655770513682e-06, "lr": 1.9613655770513682e-06, "data_time": 0.00456550121307373, "loss": 2.8637842893600465, "decode.loss_ce": 2.8637842893600465, "decode.acc_seg": 16.235532760620117, "time": 0.19996016025543212, "iter": 50, "memory": 8520, "step": 50}
{"base_lr": 3.962697798532355e-06, "lr": 3.962697798532355e-06, "data_time": 0.0040953636169433595, "loss": 2.716525077819824, "decode.loss_ce": 2.716525077819824, "decode.acc_seg": 34.419227600097656, "time": 0.19529142379760742, "iter": 100, "memory": 6493, "step": 100}
{"base_lr": 5.964030020013346e-06, "lr": 5.964030020013346e-06, "data_time": 0.004137492179870606, "loss": 2.3618871212005614, "decode.loss_ce": 2.3618871212005614, "decode.acc_seg": 51.17329025268555, "time": 0.19754035472869874, "iter": 150, "memory": 6493, "step": 150}
{"base_lr": 7.965362241494336e-06, "lr": 7.965362241494336e-06, "data_time": 0.005087542533874512, "loss": 2.0683312892913817, "decode.loss_ce": 2.0683312892913817, "decode.acc_seg": 63.95753860473633, "time": 0.20142884254455568, "iter": 200, "memory": 6493, "step": 200}
{"base_lr": 9.96669446297533e-06, "lr": 9.96669446297533e-06, "data_time": 0.004455995559692383, "loss": 1.6513521909713744, "decode.loss_ce": 1.6513521909713744, "decode.acc_seg": 70.4238052368164, "time": 0.19923036098480223, "iter": 250, "memory": 6493, "step": 250}
{"base_lr": 1.1968026684456319e-05, "lr": 1.1968026684456319e-05, "data_time": 0.004222416877746582, "loss": 1.3326382398605348, "decode.loss_ce": 1.3326382398605348, "decode.acc_seg": 64.69294738769531, "time": 0.19795167446136475, "iter": 300, "memory": 6493, "step": 300}
{"base_lr": 1.3969358905937323e-05, "lr": 1.3969358905937323e-05, "data_time": 0.004357290267944336, "loss": 1.5681936383247375, "decode.loss_ce": 1.5681936383247375, "decode.acc_seg": 59.320003509521484, "time": 0.19748327732086182, "iter": 350, "memory": 6493, "step": 350}
{"base_lr": 1.597069112741831e-05, "lr": 1.597069112741831e-05, "data_time": 0.0038155317306518555, "loss": 1.3085741341114043, "decode.loss_ce": 1.3085741341114043, "decode.acc_seg": 76.56208038330078, "time": 0.19450993537902833, "iter": 400, "memory": 6493, "step": 400}
{"base_lr": 1.797202334889931e-05, "lr": 1.797202334889931e-05, "data_time": 0.0037812709808349608, "loss": 1.0882930159568787, "decode.loss_ce": 1.0882930159568787, "decode.acc_seg": 29.950082778930664, "time": 0.1952756643295288, "iter": 450, "memory": 6493, "step": 450}
{"base_lr": 1.9973355570380306e-05, "lr": 1.9973355570380306e-05, "data_time": 0.004576635360717773, "loss": 1.1130491554737092, "decode.loss_ce": 1.1130491554737092, "decode.acc_seg": 75.04792022705078, "time": 0.1958698272705078, "iter": 500, "memory": 6493, "step": 500}
{"base_lr": 2.1974687791861306e-05, "lr": 2.1974687791861306e-05, "data_time": 0.004179620742797851, "loss": 1.0707170248031617, "decode.loss_ce": 1.0707170248031617, "decode.acc_seg": 76.31501007080078, "time": 0.19541890621185304, "iter": 550, "memory": 6493, "step": 550}
{"base_lr": 2.3976020013342307e-05, "lr": 2.3976020013342307e-05, "data_time": 0.003752398490905762, "loss": 0.9339360773563385, "decode.loss_ce": 0.9339360773563385, "decode.acc_seg": 74.51551818847656, "time": 0.19865119457244873, "iter": 600, "memory": 6493, "step": 600}
{"base_lr": 2.597735223482329e-05, "lr": 2.597735223482329e-05, "data_time": 0.0037177324295043944, "loss": 1.0745729207992554, "decode.loss_ce": 1.0745729207992554, "decode.acc_seg": 73.73281860351562, "time": 0.1949911117553711, "iter": 650, "memory": 6494, "step": 650}
{"base_lr": 2.797868445630428e-05, "lr": 2.797868445630428e-05, "data_time": 0.003875422477722168, "loss": 0.9081342369318008, "decode.loss_ce": 0.9081342369318008, "decode.acc_seg": 83.49527740478516, "time": 0.1951796293258667, "iter": 700, "memory": 6494, "step": 700}
{"base_lr": 2.99800166777853e-05, "lr": 2.99800166777853e-05, "data_time": 0.004349470138549805, "loss": 0.748127543926239, "decode.loss_ce": 0.748127543926239, "decode.acc_seg": 80.14350128173828, "time": 0.1987523078918457, "iter": 750, "memory": 6494, "step": 750}
{"base_lr": 3.1981348899266314e-05, "lr": 3.1981348899266314e-05, "data_time": 0.004474663734436035, "loss": 0.6795295059680939, "decode.loss_ce": 0.6795295059680939, "decode.acc_seg": 55.54387283325195, "time": 0.19714634418487548, "iter": 800, "memory": 6493, "step": 800}
{"base_lr": 3.398268112074729e-05, "lr": 3.398268112074729e-05, "data_time": 0.004221558570861816, "loss": 0.8984634339809418, "decode.loss_ce": 0.8984634339809418, "decode.acc_seg": 57.17192459106445, "time": 0.19721860885620118, "iter": 850, "memory": 6493, "step": 850}
{"base_lr": 3.5984013342228235e-05, "lr": 3.5984013342228235e-05, "data_time": 0.004405093193054199, "loss": 0.8243461370468139, "decode.loss_ce": 0.8243461370468139, "decode.acc_seg": 75.22110748291016, "time": 0.19766478538513182, "iter": 900, "memory": 6494, "step": 900}
{"base_lr": 3.7985345563709256e-05, "lr": 3.7985345563709256e-05, "data_time": 0.003706622123718262, "loss": 1.1881514132022857, "decode.loss_ce": 1.1881514132022857, "decode.acc_seg": 70.27116394042969, "time": 0.1950678825378418, "iter": 950, "memory": 6493, "step": 950}
{"base_lr": 3.998667778519025e-05, "lr": 3.998667778519025e-05, "data_time": 0.0039263486862182615, "loss": 0.9507136225700379, "decode.loss_ce": 0.9507136225700379, "decode.acc_seg": 68.83678436279297, "time": 0.19846982955932618, "iter": 1000, "memory": 6494, "step": 1000}
{"base_lr": 4.198801000667124e-05, "lr": 4.198801000667124e-05, "data_time": 0.004087924957275391, "loss": 0.941805437207222, "decode.loss_ce": 0.941805437207222, "decode.acc_seg": 47.5641975402832, "time": 0.19781620502471925, "iter": 1050, "memory": 6493, "step": 1050}
{"base_lr": 4.398934222815225e-05, "lr": 4.398934222815225e-05, "data_time": 0.004485869407653808, "loss": 0.7650364995002746, "decode.loss_ce": 0.7650364995002746, "decode.acc_seg": 84.67839050292969, "time": 0.19891915321350098, "iter": 1100, "memory": 6493, "step": 1100}
{"base_lr": 4.599067444963324e-05, "lr": 4.599067444963324e-05, "data_time": 0.0036910057067871095, "loss": 0.833497479557991, "decode.loss_ce": 0.833497479557991, "decode.acc_seg": 80.79647827148438, "time": 0.1977891206741333, "iter": 1150, "memory": 6493, "step": 1150}
{"base_lr": 4.7992006671114227e-05, "lr": 4.7992006671114227e-05, "data_time": 0.004469370841979981, "loss": 0.9032150536775589, "decode.loss_ce": 0.9032150536775589, "decode.acc_seg": 86.29825592041016, "time": 0.19730980396270753, "iter": 1200, "memory": 6493, "step": 1200}
{"base_lr": 4.999333889259521e-05, "lr": 4.999333889259521e-05, "data_time": 0.00419163703918457, "loss": 0.621930468082428, "decode.loss_ce": 0.621930468082428, "decode.acc_seg": 89.43821716308594, "time": 0.19956650733947753, "iter": 1250, "memory": 6494, "step": 1250}
{"base_lr": 5.199467111407618e-05, "lr": 5.199467111407618e-05, "data_time": 0.0038085699081420897, "loss": 0.6776171684265136, "decode.loss_ce": 0.6776171684265136, "decode.acc_seg": 82.71906280517578, "time": 0.19648032188415526, "iter": 1300, "memory": 6493, "step": 1300}
{"base_lr": 5.399600333555716e-05, "lr": 5.399600333555716e-05, "data_time": 0.0037966489791870115, "loss": 0.5810496598482132, "decode.loss_ce": 0.5810496598482132, "decode.acc_seg": 83.75553894042969, "time": 0.1966536521911621, "iter": 1350, "memory": 6493, "step": 1350}
{"base_lr": 5.599733555703817e-05, "lr": 5.599733555703817e-05, "data_time": 0.004411649703979492, "loss": 0.6950301349163055, "decode.loss_ce": 0.6950301349163055, "decode.acc_seg": 64.630615234375, "time": 0.19885497093200682, "iter": 1400, "memory": 6493, "step": 1400}
{"base_lr": 5.799866777851912e-05, "lr": 5.799866777851912e-05, "data_time": 0.004115509986877442, "loss": 0.9230846196413041, "decode.loss_ce": 0.9230846196413041, "decode.acc_seg": 88.36146545410156, "time": 0.19731779098510743, "iter": 1450, "memory": 6493, "step": 1450}
{"base_lr": 6.000000000000008e-05,