{
  "ece_style_conf_from_setsize": 0.320994585728163,
  "ece_style_bins": {
    "set_size": [
      1,
      2,
      3,
      4,
      5,
      6,
      7,
      8,
      9,
      10,
      11,
      12,
      13,
      14,
      15,
      16,
      17,
      18,
      19
    ],
    "bin_fraction": [
      0.05263067003970088,
      0.03309908614364138,
      0.028073263923047626,
      0.040538906091640355,
      0.041462351023446954,
      0.04317288024201661,
      0.04622932679059895,
      0.05196854654586935,
      0.05647049535400254,
      0.06027705571266824,
      0.06129740318147589,
      0.06039111999730187,
      0.057753798231156755,
      0.05699020669487439,
      0.05461999102651801,
      0.05471570349686303,
      0.04911646264455636,
      0.05724588385284325,
      0.09394684900777757
    ],
    "bin_accuracy": [
      0.9587718847378356,
      0.9458081384785826,
      0.9411993503700152,
      0.9473869273052854,
      0.9345517015685846,
      0.913920646658942,
      0.8961037568332993,
      0.8722889532634381,
      0.8488615008288898,
      0.8221768287688386,
      0.7890778054976756,
      0.7545683756302146,
      0.7254050233888549,
      0.6992613048964222,
      0.6819745811651632,
      0.629921313531848,
      0.6093195410137097,
      0.546514627811399,
      0.47729885946406714
    ],
    "bin_confidence": [
      1.0,
      0.9444444444444444,
      0.8888888888888888,
      0.8333333333333334,
      0.7777777777777778,
      0.7222222222222222,
      0.6666666666666667,
      0.6111111111111112,
      0.5555555555555556,
      0.5,
      0.4444444444444444,
      0.38888888888888884,
      0.33333333333333337,
      0.2777777777777778,
      0.2222222222222222,
      0.16666666666666663,
      0.11111111111111116,
      0.05555555555555558,
      0.0
    ]
  },
  "split": "val",
  "num_classes": 19,
  "ignore_index": 255,
  "q_hat": 0.9999997615814209,
  "alpha": 0.2,
  "target_coverage_(1-alpha)": 0.8,
  "total_valid_pixels": 790712012,
  "top1_error_rate": 0.23749437108589164,
  "cp_pixel_coverage_(y_in_set)": 0.9949816495262753,
  "cp_mean_set_size": 10.974686142747,
  "uncertainty_error_AUROC": 0.737072525406829,
  "uncertainty_error_AUPRC": 0.48142107214473084,
  "risk_coverage_AURC": 0.11542606830859956
}