{
  "ece_style_conf_from_setsize": 0.2808076869514819,
  "ece_style_bins": {
    "set_size": [
      1,
      2,
      3,
      4,
      5,
      6,
      7,
      8,
      9,
      10,
      11,
      12,
      13,
      14,
      15,
      16,
      17,
      18,
      19
    ],
    "bin_fraction": [
      0.18784469596375036,
      0.13711398958313717,
      0.05164136642509207,
      0.051096396700291494,
      0.05375457983883053,
      0.05701859654052234,
      0.05395710292453951,
      0.04963104333554274,
      0.04437933193173845,
      0.04092694497772972,
      0.03720501925910651,
      0.035384166094737685,
      0.032363007999374964,
      0.030415960828238733,
      0.027670035141017298,
      0.026306112415644713,
      0.023837521388159907,
      0.024839381186980584,
      0.03461474746556524
    ],
    "bin_accuracy": [
      0.9983668926914393,
      0.9939518943959395,
      0.9847346694341523,
      0.9805242496345129,
      0.9783268845524672,
      0.9743506170976268,
      0.9675579402720264,
      0.9580248990116481,
      0.9477690152317726,
      0.9371811435714148,
      0.9240622412928139,
      0.9121151244038391,
      0.8978460754530929,
      0.8862739349388882,
      0.8683077717196506,
      0.8500419024717482,
      0.8162530315323298,
      0.7756988691086443,
      0.6831729906762025
    ],
    "bin_confidence": [
      1.0,
      0.9444444444444444,
      0.8888888888888888,
      0.8333333333333334,
      0.7777777777777778,
      0.7222222222222222,
      0.6666666666666667,
      0.6111111111111112,
      0.5555555555555556,
      0.5,
      0.4444444444444444,
      0.38888888888888884,
      0.33333333333333337,
      0.2777777777777778,
      0.2222222222222222,
      0.16666666666666663,
      0.11111111111111116,
      0.05555555555555558,
      0.0
    ]
  },
  "split": "val",
  "num_classes": 19,
  "ignore_index": 255,
  "q_hat": 0.9999997615814209,
  "alpha": 0.2,
  "target_coverage_(1-alpha)": 0.8,
  "total_valid_pixels": 916636241,
  "top1_error_rate": 0.05547704064648694,
  "cp_pixel_coverage_(y_in_set)": 0.9994945355864454,
  "cp_mean_set_size": 7.042081357112739,
  "uncertainty_error_AUROC": 0.8276825149592107,
  "uncertainty_error_AUPRC": 0.2825766581517808,
  "risk_coverage_AURC": 0.013594960144080915
}