{"aAcc": 93.64, "mIoU": 65.01, "mAcc": 73.01, "data_time": 0.0048242869377136234, "time": 0.05877381181716919}