{"aAcc": 95.92, "mIoU": 74.3, "mAcc": 83.26, "data_time": 0.03189752101898193, "time": 0.4527569055557251}