{"aAcc": 96.06, "mIoU": 75.18, "mAcc": 84.37, "data_time": 0.027955508232116698, "time": 0.10621470212936401}