{"base_lr": 1.9613655770513682e-06, "lr": 1.9613655770513682e-06, "data_time": 0.003350973129272461, "loss": 2.9214408874511717, "decode.loss_ce": 2.9214408874511717, "decode.acc_seg": 5.5940704345703125, "time": 1.957612681388855, "iter": 50, "memory": 9280, "step": 50}
{"base_lr": 3.962697798532355e-06, "lr": 3.962697798532355e-06, "data_time": 0.003469109535217285, "loss": 2.745123767852783, "decode.loss_ce": 2.745123767852783, "decode.acc_seg": 39.41898727416992, "time": 2.0006116151809694, "iter": 100, "memory": 7875, "step": 100}
{"base_lr": 5.964030020013346e-06, "lr": 5.964030020013346e-06, "data_time": 0.0033429861068725586, "loss": 2.5728378772735594, "decode.loss_ce": 2.5728378772735594, "decode.acc_seg": 20.005069732666016, "time": 1.9408679485321045, "iter": 150, "memory": 7875, "step": 150}
{"base_lr": 7.965362241494336e-06, "lr": 7.965362241494336e-06, "data_time": 0.003939008712768555, "loss": 2.2017680168151856, "decode.loss_ce": 2.2017680168151856, "decode.acc_seg": 55.915863037109375, "time": 2.0202410221099854, "iter": 200, "memory": 7874, "step": 200}
{"base_lr": 9.96669446297533e-06, "lr": 9.96669446297533e-06, "data_time": 0.0035310983657836914, "loss": 1.991324746608734, "decode.loss_ce": 1.991324746608734, "decode.acc_seg": 56.924774169921875, "time": 1.9993501424789428, "iter": 250, "memory": 7873, "step": 250}
{"base_lr": 1.1968026684456319e-05, "lr": 1.1968026684456319e-05, "data_time": 0.0034305334091186525, "loss": 1.817640233039856, "decode.loss_ce": 1.817640233039856, "decode.acc_seg": 57.6961784362793, "time": 2.0027724504470825, "iter": 300, "memory": 7873, "step": 300}
