{
  "ece_style_conf_from_setsize": 0.10804050852612004,
  "ece_style_bins": {
    "set_size": [
      1,
      2,
      3,
      4,
      5,
      6,
      7,
      8,
      9,
      10,
      11,
      12,
      13,
      14,
      15,
      16,
      17,
      18,
      19
    ],
    "bin_fraction": [
      0.458640523029462,
      0.1440780356403124,
      0.087834720469011,
      0.0581555939156894,
      0.04263247104147609,
      0.032951197704171944,
      0.02562541927687103,
      0.02162091908822968,
      0.018231899692039342,
      0.016160094198152047,
      0.014177161472279166,
      0.013101267943430571,
      0.01162415527928052,
      0.010695631005495015,
      0.009319243139111276,
      0.008709436353171639,
      0.008008891282752588,
      0.008244622743429146,
      0.010188716725635115
    ],
    "bin_accuracy": [
      0.9989377686276396,
      0.9813112721922997,
      0.9670661028386056,
      0.9521554789872537,
      0.93816292900735,
      0.9243148202064994,
      0.9093043573920052,
      0.8966344002109542,
      0.8826533836125137,
      0.869989579372829,
      0.8551708694681923,
      0.8413582636562933,
      0.8240266981457369,
      0.8069043838521877,
      0.7883627186691822,
      0.7735801292308964,
      0.7439681852112177,
      0.710553079663161,
      0.6369457093734712
    ],
    "bin_confidence": [
      1.0,
      0.9444444444444444,
      0.8888888888888888,
      0.8333333333333334,
      0.7777777777777778,
      0.7222222222222222,
      0.6666666666666667,
      0.6111111111111112,
      0.5555555555555556,
      0.5,
      0.4444444444444444,
      0.38888888888888884,
      0.33333333333333337,
      0.2777777777777778,
      0.2222222222222222,
      0.16666666666666663,
      0.11111111111111116,
      0.05555555555555558,
      0.0
    ]
  },
  "split": "val",
  "num_classes": 19,
  "ignore_index": 255,
  "q_hat": 0.9999997615814209,
  "alpha": 0.2,
  "target_coverage_(1-alpha)": 0.8,
  "total_valid_pixels": 916636241,
  "top1_error_rate": 0.04310732571177054,
  "cp_pixel_coverage_(y_in_set)": 0.9988537961374364,
  "cp_mean_set_size": 3.7031224516029146,
  "uncertainty_error_AUROC": 0.865339986190574,
  "uncertainty_error_AUPRC": 0.24447534481544247,
  "risk_coverage_AURC": 0.007523864613027677
}