{"aAcc": 95.38, "mIoU": 73.42, "mAcc": 82.02, "data_time": 0.005270749092102051, "time": 0.059824325084686276}