{"aAcc": 95.92, "mIoU": 74.31, "mAcc": 83.29, "data_time": 0.026294052600860596, "time": 0.12495237588882446}