{
  "ece_style_conf_from_setsize": 0.06653396855310821,
  "ece_style_bins": {
    "set_size": [
      1,
      2,
      3,
      4,
      5,
      6,
      7,
      8,
      9,
      10,
      11,
      12,
      13,
      14,
      15,
      16,
      17,
      18,
      19
    ],
    "bin_fraction": [
      0.5399927472429055,
      0.15415075324301955,
      0.0782119174360683,
      0.04854917906306085,
      0.033964030230831777,
      0.024694241824113082,
      0.01881517250636395,
      0.01589828041721514,
      0.01322522769422118,
      0.011650007410082316,
      0.010041045278723602,
      0.009059004683189261,
      0.007837213584488856,
      0.007085963558362079,
      0.006186748621037776,
      0.0057860945954023215,
      0.00517556451272801,
      0.004923658697016323,
      0.004753149401170142
    ],
    "bin_accuracy": [
      0.9982154784177999,
      0.9628381330929354,
      0.9324656692631207,
      0.9303970296843483,
      0.9159457972448934,
      0.8975276021611409,
      0.8803059303799475,
      0.864606043804476,
      0.8476304374850436,
      0.8323596457623264,
      0.8153699929573991,
      0.8011038785560174,
      0.7823771686418777,
      0.7668023914703219,
      0.7462016385828385,
      0.7273196066778487,
      0.6985409275923198,
      0.6647304221125392,
      0.5973856695193771
    ],
    "bin_confidence": [
      1.0,
      0.9444444444444444,
      0.8888888888888888,
      0.8333333333333334,
      0.7777777777777778,
      0.7222222222222222,
      0.6666666666666667,
      0.6111111111111112,
      0.5555555555555556,
      0.5,
      0.4444444444444444,
      0.38888888888888884,
      0.33333333333333337,
      0.2777777777777778,
      0.2222222222222222,
      0.16666666666666663,
      0.11111111111111116,
      0.05555555555555558,
      0.0
    ]
  },
  "split": "val",
  "num_classes": 19,
  "ignore_index": 255,
  "q_hat": 0.9999997615814209,
  "alpha": 0.2,
  "target_coverage_(1-alpha)": 0.8,
  "total_valid_pixels": 916636241,
  "top1_error_rate": 0.04439760853836893,
  "cp_pixel_coverage_(y_in_set)": 0.997844790646893,
  "cp_mean_set_size": 2.9620777540258745,
  "uncertainty_error_AUROC": 0.8597509037654656,
  "uncertainty_error_AUPRC": 0.23096463792893954,
  "risk_coverage_AURC": 0.0077766977574060935
}