{"aAcc": 95.29, "mIoU": 70.51, "mAcc": 80.1, "data_time": 0.14554709196090698, "time": 4.856768572330475}