{"base_lr": 1.9613655770513682e-06, "lr": 1.9613655770513682e-06, "data_time": 0.0046768665313720705, "loss": 2.8856571435928347, "decode.loss_ce": 2.8856571435928347, "decode.acc_seg": 21.508792877197266, "time": 0.1987403392791748, "iter": 50, "memory": 8519, "step": 50}
