{"aAcc": 95.38, "mIoU": 73.42, "mAcc": 82.02, "data_time": 0.004986593723297119, "time": 0.058768171787261965}