{"aAcc": 95.44, "mIoU": 72.03, "mAcc": 81.91, "data_time": 0.0832789659500122, "time": 1.6039321064949035}