{"aAcc": 95.92, "mIoU": 74.31, "mAcc": 83.29, "data_time": 0.0849563479423523, "time": 1.5625057578086854}