{"aAcc": 88.46, "mIoU": 59.2, "mAcc": 70.95, "data_time": 0.05201988220214844, "time": 4.738332581520081}