{
  "ece_style_conf_from_setsize": 0.07025707134110332,
  "ece_style_bins": {
    "set_size": [
      1,
      2,
      3,
      4,
      5,
      6,
      7,
      8,
      9,
      10,
      11,
      12,
      13,
      14,
      15,
      16,
      17,
      18,
      19
    ],
    "bin_fraction": [
      0.5425084900172521,
      0.14834575802027447,
      0.08216838330309918,
      0.04906675296945847,
      0.03400071981225538,
      0.02463572351815839,
      0.018571615695042107,
      0.01540260069206668,
      0.012804963926797216,
      0.011251257083997402,
      0.00974774899828557,
      0.008850624312158306,
      0.007745623271729227,
      0.007059528862769457,
      0.006267336750435116,
      0.005882036688968312,
      0.005264408916164596,
      0.0050588922765492095,
      0.005367534884538784
    ],
    "bin_accuracy": [
      0.998470993202757,
      0.9699705538567406,
      0.9478185032796317,
      0.9380530627153408,
      0.9236135950981913,
      0.9074117315665218,
      0.888899266751162,
      0.8724573048483197,
      0.8544645049445818,
      0.8394152798665027,
      0.8215453814937427,
      0.805690339085024,
      0.7841509177780761,
      0.7677319804296695,
      0.7459771051310491,
      0.7275925461562316,
      0.6995885234174439,
      0.6702620394706764,
      0.6027860946078689
    ],
    "bin_confidence": [
      1.0,
      0.9444444444444444,
      0.8888888888888888,
      0.8333333333333334,
      0.7777777777777778,
      0.7222222222222222,
      0.6666666666666667,
      0.6111111111111112,
      0.5555555555555556,
      0.5,
      0.4444444444444444,
      0.38888888888888884,
      0.33333333333333337,
      0.2777777777777778,
      0.2222222222222222,
      0.16666666666666663,
      0.11111111111111116,
      0.05555555555555558,
      0.0
    ]
  },
  "split": "val",
  "num_classes": 19,
  "ignore_index": 255,
  "q_hat": 0.9999997615814209,
  "alpha": 0.2,
  "target_coverage_(1-alpha)": 0.8,
  "total_valid_pixels": 916636241,
  "top1_error_rate": 0.04053467813956965,
  "cp_pixel_coverage_(y_in_set)": 0.9982682410655417,
  "cp_mean_set_size": 2.9643895205753705,
  "uncertainty_error_AUROC": 0.8700282469384863,
  "uncertainty_error_AUPRC": 0.23803588913923238,
  "risk_coverage_AURC": 0.006553483175281543
}