{"aAcc": 96.06, "mIoU": 75.18, "mAcc": 84.37, "data_time": 0.07411088943481445, "time": 1.4642094135284425}