{
  "ece_style_conf_from_setsize": 0.30206962988228125,
  "ece_style_bins": {
    "set_size": [
      1,
      2,
      3,
      4,
      5,
      6,
      7,
      8,
      9,
      10,
      11,
      12,
      13,
      14,
      15,
      16,
      17,
      18,
      19
    ],
    "bin_fraction": [
      0.13199742775607756,
      0.14569357180805598,
      0.05557313329050449,
      0.043486948493890065,
      0.041987052528070404,
      0.04531139414113564,
      0.04678505287246219,
      0.04796765939783522,
      0.04813468203249886,
      0.04829257345499173,
      0.04889294465502156,
      0.048740430501918154,
      0.04635780050943895,
      0.04330276310774843,
      0.03767580688531821,
      0.03354209513520642,
      0.030629292999991696,
      0.029020365778882617,
      0.026609004650951826
    ],
    "bin_accuracy": [
      0.9999952559484414,
      0.997935401627256,
      0.9933937632306713,
      0.9880708588715191,
      0.9843185156157477,
      0.979580159573108,
      0.9699221462112225,
      0.9567461270063757,
      0.9427376287662792,
      0.9230870331196642,
      0.9007170151445728,
      0.8782911748475091,
      0.8549042388859969,
      0.8298880388680268,
      0.8138115494971625,
      0.7905915260246081,
      0.7514469695026913,
      0.6935066528592275,
      0.6004660039954446
    ],
    "bin_confidence": [
      1.0,
      0.9444444444444444,
      0.8888888888888888,
      0.8333333333333334,
      0.7777777777777778,
      0.7222222222222222,
      0.6666666666666667,
      0.6111111111111112,
      0.5555555555555556,
      0.5,
      0.4444444444444444,
      0.38888888888888884,
      0.33333333333333337,
      0.2777777777777778,
      0.2222222222222222,
      0.16666666666666663,
      0.11111111111111116,
      0.05555555555555558,
      0.0
    ]
  },
  "split": "val",
  "num_classes": 19,
  "ignore_index": 255,
  "q_hat": 0.999990701675415,
  "alpha": 0.2,
  "target_coverage_(1-alpha)": 0.8,
  "total_valid_pixels": 916636241,
  "top1_error_rate": 0.07878016902454112,
  "cp_pixel_coverage_(y_in_set)": 0.9999812695601242,
  "cp_mean_set_size": 7.855273837029099,
  "uncertainty_error_AUROC": 0.840425070843267,
  "uncertainty_error_AUPRC": 0.31778927703601795,
  "risk_coverage_AURC": 0.018087302998992826
}