{
  "ece_style_conf_from_setsize": 0.22004472037161504,
  "ece_style_bins": {
    "set_size": [
      1,
      2,
      3,
      4,
      5,
      6,
      7,
      8,
      9,
      10,
      11,
      12,
      13,
      14,
      15,
      16,
      17,
      18,
      19
    ],
    "bin_fraction": [
      0.1583608889843141,
      0.07837669054152092,
      0.052004531206398155,
      0.04710176847568042,
      0.05712456114857017,
      0.06596632698488299,
      0.06783775310057809,
      0.06286785577791704,
      0.057167110197206356,
      0.053160147745020266,
      0.052060777073290515,
      0.051463135418404214,
      0.049122833012665054,
      0.04395932562740556,
      0.03686893610395664,
      0.029177423719165388,
      0.02183704080711773,
      0.012923045664305128,
      0.00261984841160126
    ],
    "bin_accuracy": [
      0.9995175301511794,
      0.9805027538206099,
      0.9728357101072184,
      0.9621515718703992,
      0.9479530013525153,
      0.9239826777942117,
      0.897966234671361,
      0.8786596480761477,
      0.8632600875796459,
      0.8319740813787935,
      0.7977434784982103,
      0.7581750779975187,
      0.7171335315325083,
      0.6711846376066576,
      0.6320335638548237,
      0.5861732571114752,
      0.5262295742893295,
      0.4406247752355026,
      0.37920121526678907
    ],
    "bin_confidence": [
      1.0,
      0.9444444444444444,
      0.8888888888888888,
      0.8333333333333334,
      0.7777777777777778,
      0.7222222222222222,
      0.6666666666666667,
      0.6111111111111112,
      0.5555555555555556,
      0.5,
      0.4444444444444444,
      0.38888888888888884,
      0.33333333333333337,
      0.2777777777777778,
      0.2222222222222222,
      0.16666666666666663,
      0.11111111111111116,
      0.05555555555555558,
      0.0
    ]
  },
  "split": "val",
  "num_classes": 19,
  "ignore_index": 255,
  "q_hat": 0.9993152618408203,
  "alpha": 0.2,
  "target_coverage_(1-alpha)": 0.8,
  "total_valid_pixels": 916636241,
  "top1_error_rate": 0.1402534388775056,
  "cp_pixel_coverage_(y_in_set)": 0.9994231746724053,
  "cp_mean_set_size": 7.482616309734147,
  "uncertainty_error_AUROC": 0.8071516731706829,
  "uncertainty_error_AUPRC": 0.3854933797069079,
  "risk_coverage_AURC": 0.04366805986190651
}