{"aAcc": 96.06, "mIoU": 75.18, "mAcc": 84.37, "data_time": 2.628540885448456, "time": 2.7315011620521545}