{"aAcc": 95.3, "mIoU": 70.83, "mAcc": 80.46, "data_time": 0.07187033891677856, "time": 5.343562054634094}