{
  "ece_style_conf_from_setsize": 0.41964597231227196,
  "ece_style_bins": {
    "set_size": [
      1,
      2,
      3,
      4,
      5,
      6,
      7,
      8,
      9,
      10,
      11,
      12,
      13,
      14,
      15,
      16,
      17,
      18,
      19
    ],
    "bin_fraction": [
      0.09920836961540123,
      0.16896853852410576,
      0.032205545318385466,
      0.01944118310286185,
      0.01667968635335683,
      0.01936005059175922,
      0.025180808883160884,
      0.03346482893425114,
      0.03999460894106193,
      0.0454848653534745,
      0.048323749398863226,
      0.04975826283089324,
      0.048962313502941675,
      0.050740678711611184,
      0.049876255110886454,
      0.049944577742262755,
      0.04841990313581765,
      0.056137790214209955,
      0.09784798373469504
    ],
    "bin_accuracy": [
      0.9956502775897161,
      0.9984079175899623,
      0.9906259897692371,
      0.9867931824332806,
      0.9848021528915336,
      0.9831558711074035,
      0.9803650884109545,
      0.9775486449503383,
      0.9739556800467686,
      0.9679456368246853,
      0.9602363907683208,
      0.95035310830617,
      0.9382276733141297,
      0.9236738306384901,
      0.9062313949292564,
      0.8939194657348102,
      0.8678481824684243,
      0.8335780024432773,
      0.7270765983586671
    ],
    "bin_confidence": [
      1.0,
      0.9444444444444444,
      0.8888888888888888,
      0.8333333333333334,
      0.7777777777777778,
      0.7222222222222222,
      0.6666666666666667,
      0.6111111111111112,
      0.5555555555555556,
      0.5,
      0.4444444444444444,
      0.38888888888888884,
      0.33333333333333337,
      0.2777777777777778,
      0.2222222222222222,
      0.16666666666666663,
      0.11111111111111116,
      0.05555555555555558,
      0.0
    ]
  },
  "split": "val",
  "num_classes": 19,
  "ignore_index": 255,
  "q_hat": 0.9999997615814209,
  "alpha": 0.2,
  "target_coverage_(1-alpha)": 0.8,
  "total_valid_pixels": 916636241,
  "top1_error_rate": 0.06929471273217966,
  "cp_pixel_coverage_(y_in_set)": 0.9995335499723057,
  "cp_mean_set_size": 9.785397291530392,
  "uncertainty_error_AUROC": 0.8197447657224467,
  "uncertainty_error_AUPRC": 0.3609049992054037,
  "risk_coverage_AURC": 0.018234775744815086
}