{"aAcc": 95.92, "mIoU": 74.31, "mAcc": 83.29, "data_time": 0.03046286106109619, "time": 0.11392555236816407}