{
  "ece_style_conf_from_setsize": 0.45058199488705963,
  "ece_style_bins": {
    "set_size": [
      1,
      2,
      3,
      4,
      5,
      6,
      7,
      8,
      9,
      10,
      11,
      12,
      13,
      14,
      15,
      16,
      17,
      18,
      19
    ],
    "bin_fraction": [
      0.027922812622024618,
      0.056380091347490155,
      0.07572953467808612,
      0.06813220578303536,
      0.06590561915170884,
      0.0651070875562294,
      0.06433696199450181,
      0.06262033774420665,
      0.06036804080496747,
      0.06042486269097885,
      0.05965501641124835,
      0.055107325829592636,
      0.04941183424145239,
      0.04535463484909277,
      0.042335903016079854,
      0.03873551624062396,
      0.0355727239896464,
      0.03361267820524674,
      0.033286812843787615
    ],
    "bin_accuracy": [
      0.07048519749629834,
      0.07207290010542755,
      0.056101497345671825,
      0.08006541104577025,
      0.09821979362564526,
      0.11119123352139781,
      0.11960338314822982,
      0.12379167614618458,
      0.12868172556173396,
      0.1298727428597355,
      0.13380594510620047,
      0.14367318420160113,
      0.1492818110688885,
      0.15206131991805782,
      0.15680070899237997,
      0.16605532110315502,
      0.17512066642361235,
      0.1836310290494515,
      0.1929498390119868
    ],
    "bin_confidence": [
      1.0,
      0.9444444444444444,
      0.8888888888888888,
      0.8333333333333334,
      0.7777777777777778,
      0.7222222222222222,
      0.6666666666666667,
      0.6111111111111112,
      0.5555555555555556,
      0.5,
      0.4444444444444444,
      0.38888888888888884,
      0.33333333333333337,
      0.2777777777777778,
      0.2222222222222222,
      0.16666666666666663,
      0.11111111111111116,
      0.05555555555555558,
      0.0
    ]
  },
  "split": "val",
  "num_classes": 19,
  "ignore_index": 255,
  "q_hat": 0.999990701675415,
  "alpha": 0.2,
  "target_coverage_(1-alpha)": 0.8,
  "total_valid_pixels": 916636241,
  "top1_error_rate": 0.877421942342775,
  "cp_pixel_coverage_(y_in_set)": 0.5441029676678472,
  "cp_mean_set_size": 9.151286061795586,
  "uncertainty_error_AUROC": 0.40403460278572206,
  "uncertainty_error_AUPRC": 0.8494001539222914,
  "risk_coverage_AURC": 0.8823432609507325
}