{
  "ece_style_conf_from_setsize": 0.4380764893170458,
  "ece_style_bins": {
    "set_size": [
      1,
      2,
      3,
      4,
      5,
      6,
      7,
      8,
      9,
      10,
      11,
      12,
      13,
      14,
      15,
      16,
      17,
      18,
      19
    ],
    "bin_fraction": [
      0.0031658985344970325,
      0.012117611538194262,
      0.017148804867277014,
      0.014873910882234075,
      0.016408670670352735,
      0.01939085503610637,
      0.02426904702188842,
      0.03114375730515651,
      0.039655090000074514,
      0.048809116864661974,
      0.06040638219114344,
      0.07145642552853997,
      0.08369323596414519,
      0.0934963664115931,
      0.09676526451959351,
      0.08953331924341627,
      0.0914483780474047,
      0.09036750411728917,
      0.09585036125643176
    ],
    "bin_accuracy": [
      0.9990668370008716,
      0.9728454953122885,
      0.9571446881900469,
      0.9376302825104711,
      0.9207163756876644,
      0.9115749715214306,
      0.9079292377153791,
      0.9022089201531909,
      0.8995052136520006,
      0.887290224596054,
      0.8602322935248459,
      0.8350078389133136,
      0.7981088726764352,
      0.769616238348571,
      0.7490534377501725,
      0.7005799739928222,
      0.6443806678283333,
      0.5732377383698262,
      0.4728039565941864
    ],
    "bin_confidence": [
      1.0,
      0.9444444444444444,
      0.8888888888888888,
      0.8333333333333334,
      0.7777777777777778,
      0.7222222222222222,
      0.6666666666666667,
      0.6111111111111112,
      0.5555555555555556,
      0.5,
      0.4444444444444444,
      0.38888888888888884,
      0.33333333333333337,
      0.2777777777777778,
      0.2222222222222222,
      0.16666666666666663,
      0.11111111111111116,
      0.05555555555555558,
      0.0
    ]
  },
  "split": "val",
  "num_classes": 19,
  "ignore_index": 255,
  "q_hat": 0.999990701675415,
  "alpha": 0.2,
  "target_coverage_(1-alpha)": 0.8,
  "total_valid_pixels": 790712012,
  "top1_error_rate": 0.2511553624911923,
  "cp_pixel_coverage_(y_in_set)": 0.9908402188279897,
  "cp_mean_set_size": 13.406066977770916,
  "uncertainty_error_AUROC": 0.7066785650671842,
  "uncertainty_error_AUPRC": 0.47365882519223423,
  "risk_coverage_AURC": 0.13914011814773636
}