{"aAcc": 88.48, "mIoU": 40.21, "mAcc": 48.88, "data_time": 0.04972132444381714, "time": 4.255622029304504}