{"aAcc": 88.06, "mIoU": 59.93, "mAcc": 72.81, "data_time": 0.032733035087585446, "time": 4.95134596824646}