{"aAcc": 89.05, "mIoU": 61.05, "mAcc": 73.45, "data_time": 0.18008641004562378, "time": 5.668036317825317}