{"aAcc": 88.65, "mIoU": 60.07, "mAcc": 71.38, "data_time": 0.19772919416427612, "time": 4.71599270105362}