{"aAcc": 93.64, "mIoU": 65.01, "mAcc": 73.01, "data_time": 0.004949501991271973, "time": 0.059473865509033205}