{"aAcc": 95.38, "mIoU": 73.42, "mAcc": 82.02, "data_time": 0.005231293678283691, "time": 0.06032829523086548}