{"aAcc": 88.36, "mIoU": 59.38, "mAcc": 71.81, "data_time": 0.037833571434020996, "time": 4.214411902427673}