{"aAcc": 96.05, "mIoU": 75.17, "mAcc": 84.31, "data_time": 0.12368102073669433, "time": 0.5558762192726135}