{
  "ece_style_conf_from_setsize": 0.3793574496763397,
  "ece_style_bins": {
    "set_size": [
      1,
      2,
      3,
      4,
      5,
      6,
      7,
      8,
      9,
      10,
      11,
      12,
      13,
      14,
      15,
      16,
      17,
      18,
      19
    ],
    "bin_fraction": [
      0.1587945026493885,
      0.14082628225475105,
      0.030967082393592596,
      0.020088343855913505,
      0.020646594748810504,
      0.026829059227650588,
      0.03502510544965459,
      0.044033010254937104,
      0.048518170033820425,
      0.050383719227178145,
      0.04914924588935165,
      0.04799241512860934,
      0.04502770799785561,
      0.04498545241350543,
      0.04237926481896541,
      0.041444506883729026,
      0.038421642549915286,
      0.04303473748426667,
      0.07145315673810458
    ],
    "bin_accuracy": [
      0.9979961911225361,
      0.9976011739231486,
      0.9903450523241579,
      0.9853298934315442,
      0.9853751703331028,
      0.9853715085679822,
      0.983147320841079,
      0.980702390424043,
      0.9776498429525907,
      0.9707234674481341,
      0.9592433895247223,
      0.9471748996006896,
      0.9372036589885615,
      0.9253484199555643,
      0.9101355931068977,
      0.8947519418307204,
      0.8686351301738537,
      0.8335006286884747,
      0.7295264988983465
    ],
    "bin_confidence": [
      1.0,
      0.9444444444444444,
      0.8888888888888888,
      0.8333333333333334,
      0.7777777777777778,
      0.7222222222222222,
      0.6666666666666667,
      0.6111111111111112,
      0.5555555555555556,
      0.5,
      0.4444444444444444,
      0.38888888888888884,
      0.33333333333333337,
      0.2777777777777778,
      0.2222222222222222,
      0.16666666666666663,
      0.11111111111111116,
      0.05555555555555558,
      0.0
    ]
  },
  "split": "val",
  "num_classes": 19,
  "ignore_index": 255,
  "q_hat": 0.9999997615814209,
  "alpha": 0.2,
  "target_coverage_(1-alpha)": 0.8,
  "total_valid_pixels": 916636241,
  "top1_error_rate": 0.0563767737828293,
  "cp_pixel_coverage_(y_in_set)": 0.9996705192458128,
  "cp_mean_set_size": 8.831761044237394,
  "uncertainty_error_AUROC": 0.8338657926724504,
  "uncertainty_error_AUPRC": 0.3338529267766233,
  "risk_coverage_AURC": 0.013257110643510607
}