{"aAcc": 95.44, "mIoU": 72.03, "mAcc": 81.91, "data_time": 0.053467822074890134, "time": 0.2837349891662598}