{"base_lr": 1.9613655770513682e-06, "lr": 1.9613655770513682e-06, "data_time": 0.0034531116485595702, "loss": -88.79154739379882, "decode.loss_evidential": -88.79154739379882, "decode.acc_seg": 3.721407890319824, "time": 0.0650902509689331, "iter": 50, "memory": 5877, "step": 50}
{"base_lr": 3.962697798532355e-06, "lr": 3.962697798532355e-06, "data_time": 0.0036397457122802736, "loss": -97.55293807983398, "decode.loss_evidential": -97.55293807983398, "decode.acc_seg": 1.1404377222061157, "time": 0.06434001922607421, "iter": 100, "memory": 1386, "step": 100}
{"base_lr": 5.964030020013346e-06, "lr": 5.964030020013346e-06, "data_time": 0.0033057451248168944, "loss": -116.53563690185547, "decode.loss_evidential": -116.53563690185547, "decode.acc_seg": 0.7785632014274597, "time": 0.054782438278198245, "iter": 150, "memory": 1386, "step": 150}
{"base_lr": 7.965362241494336e-06, "lr": 7.965362241494336e-06, "data_time": 0.003378462791442871, "loss": -154.78841705322264, "decode.loss_evidential": -154.78841705322264, "decode.acc_seg": 0.7219314575195312, "time": 0.06658492088317872, "iter": 200, "memory": 1386, "step": 200}
{"base_lr": 9.96669446297533e-06, "lr": 9.96669446297533e-06, "data_time": 0.0032165050506591797, "loss": -223.25621185302734, "decode.loss_evidential": -223.25621185302734, "decode.acc_seg": 5.45421838760376, "time": 0.06642773151397705, "iter": 250, "memory": 1386, "step": 250}
{"base_lr": 1.1968026684456319e-05, "lr": 1.1968026684456319e-05, "data_time": 0.0034592866897583006, "loss": -327.87840881347654, "decode.loss_evidential": -327.87840881347654, "decode.acc_seg": 9.302674293518066, "time": 0.060237717628479, "iter": 300, "memory": 1386, "step": 300}
{"base_lr": 1.3969358905937323e-05, "lr": 1.3969358905937323e-05, "data_time": 0.003318119049072266, "loss": -455.49793701171876, "decode.loss_evidential": -455.49793701171876, "decode.acc_seg": 2.6920807361602783, "time": 0.060345458984375, "iter": 350, "memory": 1386, "step": 350}
{"base_lr": 1.597069112741831e-05, "lr": 1.597069112741831e-05, "data_time": 0.0035496950149536133, "loss": -626.2076904296875, "decode.loss_evidential": -626.2076904296875, "decode.acc_seg": 0.05863470584154129, "time": 0.06796834468841553, "iter": 400, "memory": 1386, "step": 400}
{"base_lr": 1.797202334889931e-05, "lr": 1.797202334889931e-05, "data_time": 0.0032360076904296873, "loss": -822.9236328125, "decode.loss_evidential": -822.9236328125, "decode.acc_seg": 2.375504732131958, "time": 0.06686131954193116, "iter": 450, "memory": 1386, "step": 450}
{"base_lr": 1.9973355570380306e-05, "lr": 1.9973355570380306e-05, "data_time": 0.0035392284393310548, "loss": -1068.001025390625, "decode.loss_evidential": -1068.001025390625, "decode.acc_seg": 0.3378831446170807, "time": 0.06200089454650879, "iter": 500, "memory": 1386, "step": 500}
{"base_lr": 2.1974687791861306e-05, "lr": 2.1974687791861306e-05, "data_time": 0.0034521341323852537, "loss": -1306.7874633789063, "decode.loss_evidential": -1306.7874633789063, "decode.acc_seg": 16.967153549194336, "time": 0.06783168315887451, "iter": 550, "memory": 1386, "step": 550}
{"base_lr": 2.3976020013342307e-05, "lr": 2.3976020013342307e-05, "data_time": 0.0031968116760253905, "loss": -1608.57021484375, "decode.loss_evidential": -1608.57021484375, "decode.acc_seg": 0.03418261930346489, "time": 0.06720707416534424, "iter": 600, "memory": 1386, "step": 600}
{"base_lr": 2.597735223482329e-05, "lr": 2.597735223482329e-05, "data_time": 0.0034009456634521485, "loss": -1907.868408203125, "decode.loss_evidential": -1907.868408203125, "decode.acc_seg": 7.288187503814697, "time": 0.06441104412078857, "iter": 650, "memory": 1386, "step": 650}
{"base_lr": 2.797868445630428e-05, "lr": 2.797868445630428e-05, "data_time": 0.003729367256164551, "loss": -2357.8855712890627, "decode.loss_evidential": -2357.8855712890627, "decode.acc_seg": 0.05940092355012894, "time": 0.06607515811920166, "iter": 700, "memory": 1386, "step": 700}
{"base_lr": 2.99800166777853e-05, "lr": 2.99800166777853e-05, "data_time": 0.003312993049621582, "loss": -2819.0453857421876, "decode.loss_evidential": -2819.0453857421876, "decode.acc_seg": 10.090295791625977, "time": 0.0667367696762085, "iter": 750, "memory": 1386, "step": 750}
{"base_lr": 3.1981348899266314e-05, "lr": 3.1981348899266314e-05, "data_time": 0.0033312320709228517, "loss": -3322.0080078125, "decode.loss_evidential": -3322.0080078125, "decode.acc_seg": 2.341780762360468e-11, "time": 0.05524823665618896, "iter": 800, "memory": 1386, "step": 800}
{"base_lr": 3.398268112074729e-05, "lr": 3.398268112074729e-05, "data_time": 0.003261280059814453, "loss": -3913.32568359375, "decode.loss_evidential": -3913.32568359375, "decode.acc_seg": 6.00550553730983e-10, "time": 0.0607262372970581, "iter": 850, "memory": 1386, "step": 850}
{"base_lr": 3.5984013342228235e-05, "lr": 3.5984013342228235e-05, "data_time": 0.003987026214599609, "loss": -4540.77939453125, "decode.loss_evidential": -4540.77939453125, "decode.acc_seg": 0.9501039981842041, "time": 0.06563153266906738, "iter": 900, "memory": 1386, "step": 900}
{"base_lr": 3.7985345563709256e-05, "lr": 3.7985345563709256e-05, "data_time": 0.0033904314041137695, "loss": -5414.91962890625, "decode.loss_evidential": -5414.91962890625, "decode.acc_seg": 0.8060398697853088, "time": 0.06173615455627442, "iter": 950, "memory": 1386, "step": 950}
{"base_lr": 3.998667778519025e-05, "lr": 3.998667778519025e-05, "data_time": 0.0037865638732910156, "loss": -6313.245068359375, "decode.loss_evidential": -6313.245068359375, "decode.acc_seg": 2.369245251376828e-11, "time": 0.06612706184387207, "iter": 1000, "memory": 1386, "step": 1000}
{"base_lr": 4.198801000667124e-05, "lr": 4.198801000667124e-05, "data_time": 0.0031989336013793944, "loss": -7394.04384765625, "decode.loss_evidential": -7394.04384765625, "decode.acc_seg": 2.6383056640625, "time": 0.05581765174865723, "iter": 1050, "memory": 1386, "step": 1050}
{"base_lr": 4.398934222815225e-05, "lr": 4.398934222815225e-05, "data_time": 0.003514671325683594, "loss": -8477.323046875, "decode.loss_evidential": -8477.323046875, "decode.acc_seg": 2.2737367544323206e-11, "time": 0.06434595584869385, "iter": 1100, "memory": 1386, "step": 1100}
{"base_lr": 4.599067444963324e-05, "lr": 4.599067444963324e-05, "data_time": 0.0033779144287109375, "loss": -9775.90634765625, "decode.loss_evidential": -9775.90634765625, "decode.acc_seg": 0.10334912687540054, "time": 0.06878657341003418, "iter": 1150, "memory": 1386, "step": 1150}
{"base_lr": 4.7992006671114227e-05, "lr": 4.7992006671114227e-05, "data_time": 0.003676700592041016, "loss": -11175.413671875, "decode.loss_evidential": -11175.413671875, "decode.acc_seg": 12.474355697631836, "time": 0.06545169353485107, "iter": 1200, "memory": 1386, "step": 1200}
{"base_lr": 4.999333889259521e-05, "lr": 4.999333889259521e-05, "data_time": 0.003491330146789551, "loss": -12583.5873046875, "decode.loss_evidential": -12583.5873046875, "decode.acc_seg": 2.361557303875994e-11, "time": 0.06208212375640869, "iter": 1250, "memory": 1386, "step": 1250}
{"base_lr": 5.199467111407618e-05, "lr": 5.199467111407618e-05, "data_time": 0.0034658432006835936, "loss": -14401.4751953125, "decode.loss_evidential": -14401.4751953125, "decode.acc_seg": 0.6498695611953735, "time": 0.06873965263366699, "iter": 1300, "memory": 1386, "step": 1300}
{"base_lr": 5.399600333555716e-05, "lr": 5.399600333555716e-05, "data_time": 0.003358912467956543, "loss": -16277.540625, "decode.loss_evidential": -16277.540625, "decode.acc_seg": 5.740829944610596, "time": 0.06738123893737794, "iter": 1350, "memory": 1386, "step": 1350}
{"base_lr": 5.599733555703817e-05, "lr": 5.599733555703817e-05, "data_time": 0.0031166791915893553, "loss": -18296.40390625, "decode.loss_evidential": -18296.40390625, "decode.acc_seg": 0.05756174027919769, "time": 0.06706998348236085, "iter": 1400, "memory": 1386, "step": 1400}
{"base_lr": 5.799866777851912e-05, "lr": 5.799866777851912e-05,