{"aAcc": 95.44, "mIoU": 72.03, "mAcc": 81.91, "data_time": 0.045344531536102295, "time": 0.148763108253479}