{"aAcc": 86.85, "mIoU": 41.1, "mAcc": 54.29, "data_time": 0.04579074382781982, "time": 0.13033435344696045}