{
  "ece_style_conf_from_setsize": 0.18037394945199423,
  "ece_style_bins": {
    "set_size": [
      1,
      2,
      3,
      4,
      5,
      6,
      7,
      8,
      9,
      10,
      11,
      12,
      13,
      14,
      15,
      16,
      17,
      18,
      19
    ],
    "bin_fraction": [
      0.3030284256456755,
      0.13267318109452755,
      0.08973055866771038,
      0.07350029159495124,
      0.062119870951076656,
      0.05132367006204809,
      0.041200370780452265,
      0.034645237204842305,
      0.028882291377785488,
      0.02554330055121615,
      0.02279211868953368,
      0.02121530453430981,
      0.018871479466193178,
      0.017618016043509238,
      0.015648006655674004,
      0.014834181098017485,
      0.013561189754442624,
      0.014276698230612507,
      0.018535807597421843
    ],
    "bin_accuracy": [
      0.9988973161688125,
      0.9861643215481997,
      0.9779628475924252,
      0.9686070528725359,
      0.964729096135364,
      0.9558355193191491,
      0.9439772854522456,
      0.92926818208727,
      0.9132346133863251,
      0.8994654674367786,
      0.8831090649558048,
      0.8693521379469862,
      0.8540904235461071,
      0.8417820523871233,
      0.8253708117876144,
      0.8090469693506506,
      0.7803508384659308,
      0.7460637224250048,
      0.6542702776765943
    ],
    "bin_confidence": [
      1.0,
      0.9444444444444444,
      0.8888888888888888,
      0.8333333333333334,
      0.7777777777777778,
      0.7222222222222222,
      0.6666666666666667,
      0.6111111111111112,
      0.5555555555555556,
      0.5,
      0.4444444444444444,
      0.38888888888888884,
      0.33333333333333337,
      0.2777777777777778,
      0.2222222222222222,
      0.16666666666666663,
      0.11111111111111116,
      0.05555555555555558,
      0.0
    ]
  },
  "split": "val",
  "num_classes": 19,
  "ignore_index": 255,
  "q_hat": 0.9999997615814209,
  "alpha": 0.2,
  "target_coverage_(1-alpha)": 0.8,
  "total_valid_pixels": 916636241,
  "top1_error_rate": 0.05029954406963056,
  "cp_pixel_coverage_(y_in_set)": 0.9992063994772818,
  "cp_mean_set_size": 5.140093679756657,
  "uncertainty_error_AUROC": 0.8385547756195757,
  "uncertainty_error_AUPRC": 0.2564468230132789,
  "risk_coverage_AURC": 0.011184889137820097
}