{"aAcc": 69.56, "mIoU": 25.67, "mAcc": 35.51, "data_time": 0.0977832555770874, "time": 1.5930458068847657}