{"base_lr": 1.9613655770513682e-06, "lr": 1.9613655770513682e-06, "data_time": 0.005543303489685058, "loss": 2.3277023315429686, "decode.loss_ce": 2.3277023315429686, "decode.acc_seg": 14.11906909942627, "time": 1.7366111516952514, "iter": 50, "memory": 9284, "step": 50}
{"base_lr": 3.962697798532355e-06, "lr": 3.962697798532355e-06, "data_time": 0.005692243576049805, "loss": 2.3624199628829956, "decode.loss_ce": 2.3624199628829956, "decode.acc_seg": 36.401222229003906, "time": 1.7384974002838134, "iter": 100, "memory": 7359, "step": 100}
{"base_lr": 5.964030020013346e-06, "lr": 5.964030020013346e-06, "data_time": 0.004967689514160156, "loss": 2.148305070400238, "decode.loss_ce": 2.148305070400238, "decode.acc_seg": 44.24421691894531, "time": 1.7233895063400269, "iter": 150, "memory": 7362, "step": 150}
