{"aAcc": 68.49, "mIoU": 20.56, "mAcc": 28.36, "data_time": 0.007074020862579346, "time": 0.17137153816223144}