{
  "ece_style_conf_from_setsize": 0.19151879318577655,
  "ece_style_bins": {
    "set_size": [
      1,
      2,
      3,
      4,
      5,
      6,
      7,
      8,
      9,
      10,
      11,
      12,
      13,
      14,
      15,
      16,
      17,
      18,
      19
    ],
    "bin_fraction": [
      0.14538897333429784,
      0.07324522203786617,
      0.03151697664548264,
      0.028956127646713896,
      0.038582770807116716,
      0.05497663276440321,
      0.06818045611181546,
      0.069709446497872,
      0.0667404868623343,
      0.06442315540085655,
      0.06417172741918678,
      0.06270066950145821,
      0.06002389556404197,
      0.05469050508553916,
      0.0454072085941014,
      0.033233280157859264,
      0.023223042083495366,
      0.012755165546634764,
      0.002074257938924324
    ],
    "bin_accuracy": [
      0.9986773198426441,
      0.9776280855193071,
      0.9594572137249515,
      0.9380662955449571,
      0.9157340904066875,
      0.8774889433323384,
      0.8451746642465486,
      0.8072021115460128,
      0.7880794875190246,
      0.7552050333974293,
      0.7195241022464827,
      0.6782980203155857,
      0.636233649105332,
      0.5907657210318846,
      0.5591533522994737,
      0.5259552223465522,
      0.4796437106786172,
      0.39811537047995926,
      0.345125017093208
    ],
    "bin_confidence": [
      1.0,
      0.9444444444444444,
      0.8888888888888888,
      0.8333333333333334,
      0.7777777777777778,
      0.7222222222222222,
      0.6666666666666667,
      0.6111111111111112,
      0.5555555555555556,
      0.5,
      0.4444444444444444,
      0.38888888888888884,
      0.33333333333333337,
      0.2777777777777778,
      0.2222222222222222,
      0.16666666666666663,
      0.11111111111111116,
      0.05555555555555558,
      0.0
    ]
  },
  "split": "val",
  "num_classes": 19,
  "ignore_index": 255,
  "q_hat": 0.9993152618408203,
  "alpha": 0.2,
  "target_coverage_(1-alpha)": 0.8,
  "total_valid_pixels": 916636241,
  "top1_error_rate": 0.20807548891141867,
  "cp_pixel_coverage_(y_in_set)": 0.996435782425059,
  "cp_mean_set_size": 8.18577416578492,
  "uncertainty_error_AUROC": 0.7772918788353247,
  "uncertainty_error_AUPRC": 0.4366820258088296,
  "risk_coverage_AURC": 0.07915243645307654
}