{"aAcc": 57.13, "mIoU": 14.68, "mAcc": 23.26, "data_time": 0.049125397205352785, "time": 0.12720968723297119}