{"aAcc": 96.06, "mIoU": 75.18, "mAcc": 84.37, "data_time": 0.025445330142974853, "time": 0.14357038736343383}