{"aAcc": 95.38, "mIoU": 73.42, "mAcc": 82.02, "data_time": 0.005002910614013672, "time": 0.05987395095825195}