{"aAcc": 95.29, "mIoU": 70.74, "mAcc": 80.31, "data_time": 0.15469447374343873, "time": 4.656637752056122}