{"aAcc": 95.3, "mIoU": 70.76, "mAcc": 80.33, "data_time": 0.04214963912963867, "time": 4.225302875041962}