{"aAcc": 88.35, "mIoU": 59.35, "mAcc": 72.52, "data_time": 0.1866100788116455, "time": 5.108149755001068}