{"aAcc": 95.93, "mIoU": 74.32, "mAcc": 83.36, "data_time": 0.028435885906219482, "time": 0.4556487321853638}