{
  "ece_style_conf_from_setsize": 0.1459909291644014,
  "ece_style_bins": {
    "set_size": [
      1,
      2,
      3,
      4,
      5,
      6,
      7,
      8,
      9,
      10,
      11,
      12,
      13,
      14,
      15,
      16,
      17,
      18,
      19
    ],
    "bin_fraction": [
      0.0044918907846312065,
      0.011850917727047253,
      0.015016478591196614,
      0.01823955091250087,
      0.028481478285674506,
      0.03912320229175929,
      0.05593397637672412,
      0.06382040013829966,
      0.06509976479274733,
      0.07320564519260142,
      0.07932164435109151,
      0.08709923961544674,
      0.09221256524935655,
      0.09878254385238806,
      0.09787147890197981,
      0.07996329262796124,
      0.05219797900325814,
      0.029884157115852693,
      0.007403794189482985
    ],
    "bin_accuracy": [
      0.9491842427709731,
      0.8798437207698111,
      0.7953982369453187,
      0.7970248987812705,
      0.7590665579012894,
      0.7503588955308043,
      0.6808918951117182,
      0.6714306127885515,
      0.6490593736016315,
      0.6043942477740576,
      0.5703639652422203,
      0.5412725769112905,
      0.5124479069969721,
      0.47237619741061876,
      0.4264086852362443,
      0.39410150918100506,
      0.37717479678096166,
      0.36949187215681645,
      0.3352662817509753
    ],
    "bin_confidence": [
      1.0,
      0.9444444444444444,
      0.8888888888888888,
      0.8333333333333334,
      0.7777777777777778,
      0.7222222222222222,
      0.6666666666666667,
      0.6111111111111112,
      0.5555555555555556,
      0.5,
      0.4444444444444444,
      0.38888888888888884,
      0.33333333333333337,
      0.2777777777777778,
      0.2222222222222222,
      0.16666666666666663,
      0.11111111111111116,
      0.05555555555555558,
      0.0
    ]
  },
  "split": "val",
  "num_classes": 19,
  "ignore_index": 255,
  "q_hat": 0.9993152618408203,
  "alpha": 0.2,
  "target_coverage_(1-alpha)": 0.8,
  "total_valid_pixels": 790712012,
  "top1_error_rate": 0.44765537342058237,
  "cp_pixel_coverage_(y_in_set)": 0.9755733772765804,
  "cp_mean_set_size": 11.556288693385879,
  "uncertainty_error_AUROC": 0.6479019615739491,
  "uncertainty_error_AUPRC": 0.5719271303265303,
  "risk_coverage_AURC": 0.32630752246334044
}