{"aAcc": 95.4, "mIoU": 71.24, "mAcc": 80.74, "data_time": 0.042834115028381345, "time": 0.9897015213966369}