{"aAcc": 95.92, "mIoU": 74.27, "mAcc": 83.29, "data_time": 0.14589649438858032, "time": 0.584153926372528}