{"aAcc": 95.28, "mIoU": 70.7, "mAcc": 80.32, "data_time": 0.14285378456115722, "time": 4.660481524467468}